Year,FAOTopKSharePct,FAOHHI_0_1,FAOHHI_0_10000,TradeTopKSharePct,TradeHHI_0_1,TradeHHI_0_10000,TopK_Jaccard,Note
2020,65.73725523140261,0.09127363500386841,912.7363500386841,63.32593516800797,0.0728048787664232,728.048787664232,0.17647058823529413,
2021,65.64807952407364,0.1009553664933787,1009.553664933787,61.35025602318755,0.06651662607471187,665.1662607471187,0.1111111111111111,
2022,67.14444326637995,0.1010647166237368,1010.647166237368,59.804512205556634,0.06424060375796188,642.4060375796188,0.1111111111111111,
2023,65.62667850779687,0.09965866293276464,996.5866293276464,58.554211656847734,0.05258568487121681,525.8568487121681,0.17647058823529413,
2024,64.65675935120738,0.08967979855665852,896.7979855665851,58.50843459148145,0.05384188372257398,538.4188372257398,0.1111111111111111,
